Workbook

Sheet 商品台账
A1: 编号 | B1: 商品缩略图 | C1: 商品标题 | D1: 分类 | E1: 成色 | F1: 商品信息 | G1: 成本价 | H1: 闲鱼售价 | I1: 预估利润 | J1: 利润率 | K1: 库存数量 | L1: 上架状态 | M1: 图片链接 | N1: 闲鱼链接 | O1: 备注 | P1: 更新时间
A2: XY001 | B2: 粘贴小图 | C2: 手机壳透明软壳 适合备用机 | D2: 数码配件 | E2: 9成新 | F2: 无明显划痕，适合一元引流或搭配出售 | G2: 0.3 | H2: 1 | I2: =IF(OR(G2="",H2=""),"",H2-G2) | J2: =IF(OR(H2="",I2=""),"",I2/H2) | K2: 3 | L2: 待上架 | O2: 可和数据线一起打包 | P2: 46213
A3: XY002 | B3: 粘贴小图 | C3: 小号便签本 口袋记事本 | D3: 文具 | E3: 全新 | F3: 库存小本子，封面干净，适合学生党 | G3: 0.45 | H3: 1 | I3: =IF(OR(G3="",H3=""),"",H3-G3) | J3: =IF(OR(H3="",I3=""),"",I3/H3) | K3: 8 | L3: 已上架 | O3: 标题可加关键词：便携/学习 | P3: 46213
A4: XY003 | B4: 粘贴小图 | C4: 钥匙扣挂件 简约款 | D4: 饰品 | E4: 8成新 | F4: 轻微使用痕迹，拍照时注意展示正反面 | G4: 0.2 | H4: 1 | I4: =IF(OR(G4="",H4=""),"",H4-G4) | J4: =IF(OR(H4="",I4=""),"",I4/H4) | K4: 2 | L4: 待拍图 | O4: 可做凑单商品 | P4: 46213
A5: XY004 | B5: 粘贴小图 | C5: 桌面收纳小夹子 票据夹 | D5: 家居 | E5: 全新 | F5: 适合桌面收纳、票据整理，体积小好发货 | G5: 0.35 | H5: 1 | I5: =IF(OR(G5="",H5=""),"",H5-G5) | J5: =IF(OR(H5="",I5=""),"",I5/H5) | K5: 5 | L5: 已售出 | O5: 复盘：标题里可加收纳 | P5: 46213
A6: XY005 | B6: 粘贴小图 | C6: 随机贴纸包 手账装饰 | D6: 杂货 | E6: 全新 | F6: 每包约10张，随机款，适合低价走量 | G6: 0.5 | H6: 1 | I6: =IF(OR(G6="",H6=""),"",H6-G6) | J6: =IF(OR(H6="",I6=""),"",I6/H6) | K6: 10 | L6: 待上架 | O6: 可设置多件优惠 | P6: 46213
A7: =IF(C7="","","XY"&TEXT(ROW()-1,"000")) | B7: 粘贴小图 | I7: =IF(OR(G7="",H7=""),"",H7-G7) | J7: =IF(OR(H7="",I7=""),"",I7/H7)
A8: =IF(C8="","","XY"&TEXT(ROW()-1,"000")) | B8: 粘贴小图 | I8: =IF(OR(G8="",H8=""),"",H8-G8) | J8: =IF(OR(H8="",I8=""),"",I8/H8)
A9: =IF(C9="","","XY"&TEXT(ROW()-1,"000")) | B9: 粘贴小图 | I9: =IF(OR(G9="",H9=""),"",H9-G9) | J9: =IF(OR(H9="",I9=""),"",I9/H9)
A10: =IF(C10="","","XY"&TEXT(ROW()-1,"000")) | B10: 粘贴小图 | I10: =IF(OR(G10="",H10=""),"",H10-G10) | J10: =IF(OR(H10="",I10=""),"",I10/H10)
A11: =IF(C11="","","XY"&TEXT(ROW()-1,"000")) | B11: 粘贴小图 | I11: =IF(OR(G11="",H11=""),"",H11-G11) | J11: =IF(OR(H11="",I11=""),"",I11/H11)
A12: =IF(C12="","","XY"&TEXT(ROW()-1,"000")) | B12: 粘贴小图 | I12: =IF(OR(G12="",H12=""),"",H12-G12) | J12: =IF(OR(H12="",I12=""),"",I12/H12)
A13: =IF(C13="","","XY"&TEXT(ROW()-1,"000")) | B13: 粘贴小图 | I13: =IF(OR(G13="",H13=""),"",H13-G13) | J13: =IF(OR(H13="",I13=""),"",I13/H13)
A14: =IF(C14="","","XY"&TEXT(ROW()-1,"000")) | B14: 粘贴小图 | I14: =IF(OR(G14="",H14=""),"",H14-G14) | J14: =IF(OR(H14="",I14=""),"",I14/H14)
A15: =IF(C15="","","XY"&TEXT(ROW()-1,"000")) | B15: 粘贴小图 | I15: =IF(OR(G15="",H15=""),"",H15-G15) | J15: =IF(OR(H15="",I15=""),"",I15/H15)
A16: =IF(C16="","","XY"&TEXT(ROW()-1,"000")) | B16: 粘贴小图 | I16: =IF(OR(G16="",H16=""),"",H16-G16) | J16: =IF(OR(H16="",I16=""),"",I16/H16)
A17: =IF(C17="","","XY"&TEXT(ROW()-1,"000")) | B17: 粘贴小图 | I17: =IF(OR(G17="",H17=""),"",H17-G17) | J17: =IF(OR(H17="",I17=""),"",I17/H17)
A18: =IF(C18="","","XY"&TEXT(ROW()-1,"000")) | B18: 粘贴小图 | I18: =IF(OR(G18="",H18=""),"",H18-G18) | J18: =IF(OR(H18="",I18=""),"",I18/H18)
... A101: =IF(C101="","","XY"&TEXT(ROW()-1,"000")) | B101: 粘贴小图 | I101: =IF(OR(G101="",H101=""),"",H101-G101) | J101: =IF(OR(H101="",I101=""),"",I101/H101)

Sheet 分类与状态
A1: 分类 | B1: 成色 | C1: 上架状态 | E1: 使用建议
A2: 数码配件 | B2: 全新 | C2: 待拍图 | E2: 新增分类/状态时，先在本页对应列追加，再调整商品台账下拉范围。
A3: 文具 | B3: 99新 | C3: 待上架 | E3: 图片建议：主表放小缩略图，图片链接放高清原图或网盘/相册地址。
A4: 饰品 | B4: 9成新 | C4: 已上架 | E4: 如果开始计算运费，可在主表新增“运费成本”和“净利润”。
A5: 家居 | B5: 8成新 | C5: 已售出
A6: 杂货 | B6: 7成新 | C6: 下架
A7: 服饰 | B7: 有瑕疵
A8: 玩具 | B8: 仅配件
A9: 美妆小样
A10: 书籍
A11: 其他

Sheet 数据看板
A1: 闲鱼一元小店 数据看板
A3: 总商品数 | B3: =COUNTA('商品台账'!C2:C101) | D3: 状态 | E3: 数量
A4: 待拍图 | B4: =COUNTIF('商品台账'!L2:L101,"待拍图") | D4: 待拍图 | E4: =COUNTIF('商品台账'!L2:L101,"待拍图")
A5: 待上架 | B5: =COUNTIF('商品台账'!L2:L101,"待上架") | D5: 待上架 | E5: =COUNTIF('商品台账'!L2:L101,"待上架")
A6: 已上架 | B6: =COUNTIF('商品台账'!L2:L101,"已上架") | D6: 已上架 | E6: =COUNTIF('商品台账'!L2:L101,"已上架")
A7: 已售出 | B7: =COUNTIF('商品台账'!L2:L101,"已售出") | D7: 已售出 | E7: =COUNTIF('商品台账'!L2:L101,"已售出")
A8: 总库存 | B8: =SUM('商品台账'!K2:K101) | D8: 下架 | E8: =COUNTIF('商品台账'!L2:L101,"下架")
A9: 总成本 | B9: =SUM('商品台账'!G2:G101)
A10: 预估销售额 | B10: =SUM('商品台账'!H2:H101)
A11: 预估利润 | B11: =SUM('商品台账'!I2:I101)
A14: 维护节奏
A15: 1. 拍图后，把缩略图放入商品台账 B 列，高清图链接放 M 列。
A16: 2. 上架后补 N 列闲鱼链接，并把状态改为已上架。
A17: 3. 成交后改为已售出，备注里记录议价或复盘。
